Text,label
recognitionextraordinaryservicesrendereddiscoveryremarkablerayssubsequentlynamed,0
workserumtherapyespeciallyapplicationdiphtheriaopenednewroaddomainmedicalsciencetherebyplacedhandsphysicianvictoriousweaponillnessdeaths,1
humanitarianeffortshelpwoundedsoldierscreateinternationalunderstanding,2
lifelongworkinternationalpeaceconferencesdiplomacyarbitration,2
specialrecognitionpoeticcompositiongivesevidenceloftyidealismartisticperfectionrarecombinationqualitiesheartintellect,3
recognitionextraordinaryservicesrendereddiscoverylawschemicaldynamicsosmoticpressuresolutions,4
recognitionextraordinaryservicesrenderedworksugarpurinesyntheses,4
greatestlivingmasterarthistoricalwritingspecialreferencemonumentalworkIAhistoryRomeI,3
eminentlypracticaladministrationInterParliamentaryUnion,2
untiringskilfuldirectorshipBernPeaceBureau,2
recognitionextraordinaryservicerenderedresearchesinfluencemagnetismuponradiationphenomena,0
workmalariashownentersorganismtherebylaidfoundationsuccessfulresearchdiseasemethodscombating,1
recognitionextraordinaryservicerenderedresearchesinfluencemagnetismuponradiationphenomena,0
recognitionextraordinaryservicesrenderedjointresearchesradiationphenomenadiscoveredProfessorHenriBecquerel,0
longstandingdevotedeffortfavourideaspeacearbitration,2
recognitionextraordinaryservicesrendereddiscoveryspontaneousradioactivity,0
recognitionextraordinaryservicesrenderedjointresearchesradiationphenomenadiscoveredProfessorHenriBecquerel,0
recognitionservicesadvancementchemistrydiscoveryelementsradiumpoloniumisolationradiumstudynaturecompoundsremarkableelement,4
recognitioncontributiontreatmentdiseasesespeciallylupusvulgarisconcentratedlightradiationwherebyopenednewavenuemedicalscience,1
tributenoblemagnificentversatilepoetryalwaysdistinguishedfreshnessinspirationrarepurityspirit,3
recognitionextraordinaryservicesrenderedadvancementchemistryelectrolytictheorydissociation,4
recognitionnumerousbrilliantcompositionsindividualoriginalmannerrevivedgreattraditionsSpanishdrama,3
investigationsdensitiesimportantgasesdiscoveryargonconnectionstudies,0
strivingpubliclawdeveloppeacefultiesnationsmakelawswarhumane,2
recognitionservicesdiscoveryinertgaseouselementsairdeterminationplaceperiodicsystem,4
recognitionworkphysiologydigestionknowledgevitalaspectssubjecttransformedenlarged,1
recognitionfreshoriginalitytrueinspirationpoeticproductionfaithfullyreflectsnaturalscenerynativespiritpeopleadditionsignificantworkProvenccedilalphilologist,3
recognitionservicesadvancementorganicchemistrychemicalindustryworkorganicdyeshydroaromaticcompounds,4
outstandingmeritsepicwriter,3
workcathoderays,0
audacityopposehorrorswar,2
investigationsdiscoveriesrelationtuberculosis,1
considerationdeeplearningcriticalresearchtributecreativeenergyfreshnessstylelyricalforcecharacterizepoeticmasterpieces,3
rolebringingendbloodywarrecentlywagedtwoworldsgreatpowersJapanRussia,2
recognitiongreatmeritstheoreticalexperimentalinvestigationsconductionelectricitygases,0
recognitionworkstructurenervoussystem,1
recognitiongreatservicesrenderedinvestigationisolationelementfluorineadoptionservicescienceelectricfurnacecalled,4
recognitionworkstructurenervoussystem,1
recognitionworkroleplayedprotozoacausingdiseases,1
biochemicalresearchesdiscoverycellfreefermentation,4
considerationpowerobservationoriginalityimaginationvirilityideasremarkabletalentnarrationcharacterizecreationsworldfamousauthor,3
decisiveinfluenceuponconductoutcomeHagueGenevaConferences,2
workpresspeacemeetingspublicprivateunderstandingFranceItaly,2
opticalprecisioninstrumentsspectroscopicmetrologicalinvestigationscarriedaid,0
investigationsdisintegrationelementschemistryradioactivesubstances,4
recognitionearnestsearchtruthpenetratingpowerthoughtwiderangevisionwarmthstrengthpresentationnumerousworksvindicateddevelopedidealisticphilosophylife,3
longtimeworkcausepeacepoliticianspeacesocietyleadersoratorsauthors,2
recognitionworkimmunity,1
recognitionworkimmunity,1
longtimeworkcausepeacepoliticianspeacesocietyleadersoratorsauthors,2
methodreproducingcoloursphotographicallybasedphenomenoninterference,0
recognitioncontributionsdevelopmentwirelesstelegraphy,0
workphysiologypathologysurgerythyroidgland,1
appreciationloftyidealismvividimaginationspiritualperceptioncharacterizewritings,3
recognitionworkcatalysisinvestigationsfundamentalprinciplesgoverningchemicalequilibriaratesreaction,4
recognitioncontributionsdevelopmentwirelesstelegraphy,0
prominentpositioninternationalmovementpeacearbitration,2
prominentpositioninternationalmovementpeacearbitration,2
tributeconsummateartistrypermeatedidealismdemonstratedlongproductivecareerlyricpoetdramatistnovelistwriterworldrenownedshortstories,3
actinglinkpeacesocietiesvariouscountrieshelpingorganizeworldralliesinternationalpeacemovement,2
workequationstategasesliquids,0
recognitioncontributionsknowledgecellchemistrymadeworkproteinsincludingnucleicsubstances,1
recognitionservicesorganicchemistrychemicalindustrypioneerworkfieldalicycliccompounds,4
effortexposefightconsidersmaincausewarnamelyanarchyinternationalrelations,2
rolecofounderInstitutdedroitinternationalinitiatorConferencesInternationalPrivateLawConférencesdeDroitinternationalprivéHaguepioneerfieldinternationallegalrelations,2
recognitionextraordinaryservicesrenderedjointresearchesradiationphenomenadiscoveredProfessorHenriBecquerel,0
recognitionservicesadvancementchemistrydiscoveryelementsradiumpoloniumisolationradiumstudynaturecompoundsremarkableelement,4
discoveriesregardinglawsgoverningradiationheat,0
appreciationmanysidedliteraryactivitiesespeciallydramaticworksdistinguishedwealthimaginationpoeticfancyrevealssometimesguisefairytaledeepinspirationmysteriouswayappealreadersfeelingsstimulateimaginations,3
workdioptricseye,1
primarilyrecognitionfruitfulvariedoutstandingproductionrealmdramaticart,3
recognitionworkvascularsuturetransplantationbloodvesselsorgans,1
methodhydrogenatingorganiccompoundspresencefinelydisintegratedmetalswherebyprogressorganicchemistrygreatlyadvancedrecentyears,4
discoverysocalledGrignardreagentrecentyearsgreatlyadvancedprogressorganicchemistry,4
inventionautomaticregulatorsuseconjunctiongasaccumulatorsilluminatinglighthousesbuoys,0
bringingbetterunderstandingcountriesNorthSouthAmericainitiatingimportantarbitrationagreementsUnitedStatescountries,2
recognitionworkanaphylaxis,1
recognitionworklinkageatomsmoleculesthrownnewlightearlierinvestigationsopenednewfieldsresearchespeciallyinorganicchemistry,4
unparalleledcontributionorganizationpeacefulinternationalism,2
profoundlysensitivefreshbeautifulverseconsummateskillmadepoeticthoughtexpressedEnglishwordspartliteratureWest,3
investigationspropertiesmatterlowtemperaturesledinteraliaproductionliquidhelium,0
discoverydiffractionXrayscrystals,0
workphysiologypathologyvestibularapparatus,1
recognitionaccuratedeterminationsatomicweightlargenumberchemicalelements,4
servicesanalysiscrystalstructuremeansXrays,0
servicesanalysiscrystalstructuremeansXrays,0
researchesplantpigmentsespeciallychlorophyll,4
tributeloftyidealismliteraryproductionsympathylovetruthdescribeddifferenttypeshumanbeings,3
recognitionsignificanceleadingrepresentativeneweraliterature,3
effortstakecarewoundedsoldiersprisonerswarfamilies,2
greatworkperformedwarbehalfhumanity,2
promotingprinciplesGenevaConventioncooperationUN,2
discoverycharacteristicRoumlntgenradiationelements,0
variedrichpoetryinspiredloftyideals,3
authenticdescriptionspresentdaylifeDenmark,3
recognitionservicesrenderedadvancementPhysicsdiscoveryenergyquanta,0
synthesisammoniaelements,4
rolefounderLeagueNations,2
discoveriesrelatingimmunity,1
discoveryDopplereffectcanalrayssplittingspectrallineselectricfields,0
specialappreciationepicIOlympianSpringI,3
recognitionservicerenderedprecisionmeasurementsPhysicsdiscoveryanomaliesnickelsteelalloys,0
recognitionworkthermochemistry,4
discoverycapillarymotorregulatingmechanism,1
longstandingcontributioncausepeacejusticeprominentroleestablishmentLeagueNations,2
monumentalworkIGrowthSoilI,3
recognitionbrilliantliteraryachievementscharacterizednobilitystyleprofoundhumansympathygracetrueGallictemperament,3
lifelongcontributionscausepeaceorganizedinternationalism,2
servicesTheoreticalPhysicsespeciallydiscoverylawphotoelectriceffect,0
contributionsknowledgechemistryradioactivesubstancesinvestigationsoriginnatureisotopes,4
lifelongcontributionscausepeaceorganizedinternationalism,2
servicesinvestigationstructureatomsradiationemanating,0
leadingrolerepatriationprisonerswarinternationalreliefworkLeagueNationsHighCommissionerrefugees,2
discoverymeansmassspectrographisotopeslargenumbernonradioactiveelementsenunciationwholenumberrule,4
discoveryfixedrelationshipconsumptionoxygenmetabolismlacticacidmuscle,1
happymannercontinuedillustrioustraditionsSpanishdrama,3
discoveryrelatingproductionheatmuscle,1
discoveryinsulin,1
discoveryinsulin,1
workelementarychargeelectricityphotoelectriceffect,0
inventionmethodmicroanalysisorganicsubstances,4
alwaysinspiredpoetryhighlyartisticformgivesexpressionspiritwholenation,3
greatnationalepicIThePeasantsI,3
discoverymechanismelectrocardiogram,1
discoveriesresearchfieldXrayspectroscopy,0
discoverylawsgoverningimpactelectronuponatom,0
discoverylawsgoverningimpactelectronuponatom,0
crucialrolebringingLocarnoTreaty,2
crucialrolebringingDawesPlan,2
demonstrationheterogenousnaturecolloidsolutionsmethodsusedsincebecomefundamentalmoderncolloidchemistry,4
workmarkedidealismhumanitystimulatingsatireofteninfusedsingularpoeticbeauty,3
crucialrolebringingLocarnoTreaty,2
crucialrolebringingLocarnoTreaty,2
idealisticallyinspiredwritingsplasticclaritypicturelifenativeislanddepthsympathydealhumanproblemsgeneral,3
discoverySpiropteracarcinoma,1
workdiscontinuousstructurematterespeciallydiscoverysedimentationequilibrium,0
workdispersesystems,4
recognitionrichvitalizingideasbrilliantskillpresented,3
contributionemergenceFranceGermanypublicopinionfavourspeacefulinternationalcooperation,2
discoveryeffectnamed,0
methodmakingpathselectricallychargedparticlesvisiblecondensationvapour,0
discoverytherapeuticvaluemalariainoculationtreatmentdementiaparalytica,1
investigationsconstitutionbileacidsrelatedsubstances,4
contributionemergenceFranceGermanypublicopinionfavourspeacefulinternationalcooperation,2
worktyphus,1
servicesrenderedresearchconstitutionsterolsconnectionvitamins,4
workthermionicphenomenonespeciallydiscoverylawnamed,0
principallypowerfuldescriptionsNorthernlifeMiddleAges,3
investigationsfermentationsugarfermentativeenzymes,4
investigationsfermentationsugarfermentativeenzymes,4
discoveryantineuriticvitamin,1
discoverywavenatureelectrons,0
principallygreatnovelIBuddenbrooksIsteadilyincreasedrecognitiononeclassicworkscontemporaryliterature,3
discoverygrowthstimulatingvitamins,1
crucialrolebringingBriandKelloggPact,2
vigorousgraphicartdescriptionabilitycreatewithumournewtypescharacters,3
discoveryhumanbloodgroups,1
researchesconstitutionhaeminchlorophyllespeciallysynthesishaemin,4
promotingChristianunityhelpingcreatenewattitudemindnecessarypeacenationsbecomereality,2
workscatteringlightdiscoveryeffectnamed,0
discoverynaturemodeactionrespiratoryenzyme,1
recognitioncontributionsinventiondevelopmentchemicalhighpressuremethods,4
recognitioncontributionsinventiondevelopmentchemicalhighpressuremethods,4
poetryErikAxelKarlfeldt,3
assiduouseffortreviveidealpeacerekindlespiritpeacenationwholemankind,2
assiduouseffortreviveidealpeacerekindlespiritpeacenationwholemankind,2
discoveriesregardingfunctionsneurons,1
discoveriesregardingfunctionsneurons,1
creationquantummechanicsapplicationinteralialeddiscoveryallotropicformshydrogen,0
distinguishedartnarrationtakeshighestformITheForsyteSagaI,3
discoveriesinvestigationssurfacechemistry,4
discoverynewproductiveformsatomictheory,0
discoverynewproductiveformsatomictheory,0
exposedpenillusionwarpresentedconvincingpleainternationalcooperationpeace,2
discoveriesconcerningroleplayedchromosomeheredity,1
strictartistrycarriedclassicalRussiantraditionsprosewriting,3
discoveriesconcerninglivertherapycasesanaemia,1
discoveryheavyhydrogen,4
boldingeniousrevivaldramaticscenicart,3
discoveriesconcerninglivertherapycasesanaemia,1
discoveriesconcerninglivertherapycasesanaemia,1
untiringstrugglecourageouseffortsChairmanLeagueNationsDisarmamentConference193134,2
recognitionsynthesisnewradioactiveelements,4
recognitionsynthesisnewradioactiveelements,4
discoveryneutron,0
discoveryorganizereffectembryonicdevelopment,1
burninglovefreedomthoughtexpressionvaluablecontributioncausepeace,2
contributionsknowledgemolecularstructureinvestigationsdipolemomentsdiffractionXrayselectronsgases,4
discoveriesrelatingchemicaltransmissionnerveimpulses,1
discoverycosmicradiation,0
discoveriesrelatingchemicaltransmissionnerveimpulses,1
discoverypositron,0
rolefatherArgentineAntiwarPact1933alsousedmeansmediatepeaceParaguayBolivia1935,2
powerhonestydeepfeltemotionsdramaticworksembodyoriginalconcepttragedy,3
experimentaldiscoverydiffractionelectronscrystals,0
discoveriesconnectionbiologicalcombustionprocessesspecialreferencevitaminCcatalysisfumaricacid,1
investigationscarbohydratesvitaminC,4
experimentaldiscoverydiffractionelectronscrystals,0
tirelesseffortsupportLeagueNationsdisarmamentpeace,2
artisticpowertruthdepictedhumanconflictwellfundamentalaspectscontemporarylifenovelcycleILesThibaultI,3
investigationscarotenoidsflavinsvitaminsB2,4
demonstrationsexistencenewradioactiveelementsproducedneutronirradiationrelateddiscoverynuclearreactionsbroughtslowneutrons,0
workcarotenoidsvitamins,4
discoveryroleplayedsinusaorticmechanismsregulationrespiration,1
carriedworkFridtjofNansenbenefitrefugeesacrossEurope,2
richtrulyepicdescriptionspeasantlifeChinabiographicalmasterpieces,3
discoveryantibacterialeffectsprontosil,1
inventiondevelopmentcyclotronresultsobtainedespeciallyregardartificialradioactiveelements,0
workpolymethyleneshigherterpenes,4
worksexhormones,4
deepunderstandingcountryspeasantryexquisiteartportrayedwayliferelationshipNature,3
discoveryvitaminK,1
discoverychemicalnaturevitaminK,1
workuseisotopestracersstudychemicalprocesses,4
contributiondevelopmentmolecularraymethoddiscoverymagneticmomentproton,0
discoveriesrelatinghighlydifferentiatedfunctionssinglenervefibres,1
rarestrengthfertilitypoeticimaginationcombinedintellectualcuriositywidescopeboldfreshlycreativestyle,3
discoveriesrelatinghighlydifferentiatedfunctionssinglenervefibres,1
discoveryfissionheavynuclei,4
effortstakecarewoundedsoldiersprisonerswarfamilies,2
greatworkperformedwarbehalfhumanity,2
promotingprinciplesGenevaConventioncooperationUN,2
resonancemethodrecordingmagneticpropertiesatomicnuclei,0
discoveryExclusionPrinciplealsocalledPauliPrinciple,0
lyricpoetryinspiredpowerfulemotionsmadenamesymbolidealisticaspirationsentireLatinAmericanworld,3
researchinventionsagriculturalnutritionchemistryespeciallyfodderpreservationmethod,4
indefatigableworkinternationalunderstandingpivotalroleestablishingUnitedNations,2
discoverypenicillincurativeeffectvariousinfectiousdiseases,1
discoverypenicillincurativeeffectvariousinfectiousdiseases,1
discoverypenicillincurativeeffectvariousinfectiousdiseases,1
contributioncreationpeacepromotingreligiousbrotherhoodacrossnationalboundaries,2
inventionapparatusproduceextremelyhighpressuresdiscoveriesmadetherewithfieldhighpressurephysics,0
discoveryenzymescrystallized,4
preparationenzymesvirusproteinspureform,4
preparationenzymesvirusproteinspureform,4
discoveryproductionmutationsmeansXrayirradiation,1
lifelongworkcausepeace,2
inspiredwritingsgrowingboldnesspenetrationexemplifyclassicalhumanitarianidealshighqualitiesstyle,3
discoverycoursecatalyticconversionglycogen,1
discoverypartplayedhormoneanteriorpituitarylobemetabolismsugar,1
investigationsphysicsupperatmosphereespeciallydiscoverysocalledAppletonlayer,0
comprehensiveartisticallysignificantwritingshumanproblemsconditionspresentedfearlesslovetruthkeenpsychologicalinsight,3
investigationsplantproductsbiologicalimportanceespeciallyalkaloids,4
pioneeringworkinternationalpeacemovementcompassionateeffortrelievehumansufferingtherebypromotingfraternitynations,2
pioneeringworkinternationalpeacemovementcompassionateeffortrelievehumansufferingtherebypromotingfraternitynations,2
discoverycoursecatalyticconversionglycogen,1
discoveryhighefficiencyDDTcontactpoisonseveralarthropods,1
outstandingpioneercontributionpresentdaypoetry,3
researchelectrophoresisadsorptionanalysisespeciallydiscoveriesconcerningcomplexnatureserumproteins,4
developmentWilsoncloudchambermethoddiscoveriestherewithfieldsnuclearphysicscosmicradiation,0
discoverytherapeuticvalueleucotomycertainpsychoses,1
contributionsfieldchemicalthermodynamicsparticularlyconcerningbehavioursubstancesextremelylowtemperatures,4
discoveryfunctionalorganizationinterbraincoordinatoractivitiesinternalorgans,1
powerfulartisticallyuniquecontributionmodernAmericannovel,3
lifelongeffortconquerhungerwanttherebyhelpingremovemajorcausemilitaryconflictwar,2
predictionexistencemesonsbasistheoreticalworknuclearforces,0
recognitionvariedsignificantwritingschampionshumanitarianidealsfreedomthought,3
workmediatorPalestine19481949,2
discoveriesrelatinghormonesadrenalcortexstructurebiologicaleffects,1
discoveriesrelatinghormonesadrenalcortexstructurebiologicaleffects,1
discoveriesrelatinghormonesadrenalcortexstructurebiologicaleffects,1
discoverydevelopmentdienesynthesis,4
developmentphotographicmethodstudyingnuclearprocessesdiscoveriesregardingmesonsmademethod,0
discoverydevelopmentdienesynthesis,4
devotedlifefightwarpromotionsocialjusticebrotherhoodamongmennations,2
artisticvigourtrueindependencemindendeavourspoetryfindanswerseternalquestionsconfrontingmankind,3
pioneerworktransmutationatomicnucleiartificiallyacceleratedatomicparticles,0
pioneerworktransmutationatomicnucleiartificiallyacceleratedatomicparticles,0
discoverieschemistrytransuraniumelements,4
discoveriesconcerningyellowfevercombat,1
discoverieschemistrytransuraniumelements,4
developmentnewmethodsnuclearmagneticprecisionmeasurementsdiscoveriesconnectiontherewith,0
inventionpartitionchromatography,4
altruismreverencelifetirelesshumanitarianworkhelpedmakingideabrotherhoodmennationslivingone,2
discoverystreptomycinfirstantibioticeffectivetuberculosis,1
inventionpartitionchromatography,4
developmentnewmethodsnuclearmagneticprecisionmeasurementsdiscoveriesconnectiontherewith,0
deepspiritualinsightartisticintensitynovelspenetrateddramahumanlife,3
proposingsupervisingplaneconomicrecoveryEurope,2
discoverycitricacidcycle,1
discoverycoenzymeimportanceintermediarymetabolism,1
demonstrationphasecontrastmethodespeciallyinventionphasecontrastmicroscope,0
discoveriesfieldmacromolecularchemistry,4
masteryhistoricalbiographicaldescriptionwellbrilliantoratorydefendingexaltedhumanvalues,3
discoveryabilitypoliomyelitisvirusesgrowculturesvarioustypestissue,1
discoveryabilitypoliomyelitisvirusesgrowculturesvarioustypestissue,1
discoveryabilitypoliomyelitisvirusesgrowculturesvarioustypestissue,1
researchnaturechemicalbondapplicationelucidationstructurecomplexsubstances,4
fightnucleararmsraceEastWest,2
fundamentalresearchquantummechanicsespeciallystatisticalinterpretationwavefunction,0
coincidencemethoddiscoveriesmadetherewith,0
masteryartnarrativerecentlydemonstratedITheOldManSeaIinfluenceexertedcontemporarystyle,3
effortshealwoundswarprovidinghelpprotectionrefugeesworld,2
promotingfundamentalrightsrefugees,2
vividepicpowerrenewedgreatnarrativeartIceland,3
precisiondeterminationmagneticmomentelectron,0
discoveriesconcerningfinestructurehydrogenspectrum,0
discoveriesconcerningnaturemodeactionoxidationenzymes,1
workbiochemicallyimportantsulphurcompoundsespeciallyfirstsynthesispolypeptidehormone,4
discoveriesconcerningheartcatheterizationpathologicalchangescirculatorysystem,1
discoveriesconcerningheartcatheterizationpathologicalchangescirculatorysystem,1
researchessemiconductorsdiscoverytransistoreffect,0
researchesmechanismchemicalreactions,4
researchesmechanismchemicalreactions,4
researchessemiconductorsdiscoverytransistoreffect,0
jointlydevelopedtheorysuperconductivityusuallycalledBCStheory,0
researchessemiconductorsdiscoverytransistoreffect,0
discoveriesconcerningheartcatheterizationpathologicalchangescirculatorysystem,1
lyricalpoetrySpanishlanguageconstitutesexamplehighspiritartisticalpurity,3
penetratinginvestigationsocalledparitylawsledimportantdiscoveriesregardingelementaryparticles,0
crucialcontributiondeploymentUnitedNationsEmergencyForcewakeSuezCrisis,2
worknucleotidesnucleotidecoenzymes,4
penetratinginvestigationsocalledparitylawsledimportantdiscoveriesregardingelementaryparticles,0
importantliteraryproductionclearsightedearnestnessilluminatesproblemshumanconsciencetimes,3
discoveriesrelatingsyntheticcompoundsinhibitactioncertainbodysubstancesespeciallyactionvascularsystemskeletalmuscles,1
workstructureproteinsespeciallyinsulin,4
contributionsconcerningdeterminationbasesequencesnucleicacids,4
effortshelprefugeesleavecampsreturnlifefreedomdignity,2
discoverygenesactregulatingdefinitechemicalevents,1
discoveriesconcerninggeneticrecombinationorganizationgeneticmaterialbacteria,1
importantachievementcontemporarylyricalpoetryfieldgreatRussianepictradition,3
discoveryinterpretationCherenkoveffect,0
discoveryinterpretationCherenkoveffect,0
discoveryinterpretationCherenkoveffect,0
discoverygenesactregulatingdefinitechemicalevents,1
discoverymechanismsbiologicalsynthesisribonucleicaciddeoxyribonucleicacid,1
discoverydevelopmentpolarographicmethodsanalysis,4
discoveryantiproton,0
discoveryantiproton,0
discoverymechanismsbiologicalsynthesisribonucleicaciddeoxyribonucleicacid,1
longstandingcontributioncausedisarmamentpeace,2
lyricalpoetryclassicalfireexpressestragicexperiencelifetimes,3
discoveryacquiredimmunologicaltolerance,1
inventionbubblechamber,0
discoveryacquiredimmunologicaltolerance,1
soaringflightevocativeimagerypoetryvisionaryfashionreflectsconditionstime,3
nonviolentstruggleapartheid,2
methodusecarbon14agedeterminationarchaeologygeologygeophysicsbranchesscience,4
researchesconcerningresonanceabsorptiongammaradiationdiscoveryconnectioneffectbearsname,0
developingUNeffectiveconstructiveinternationalorganizationcapablegivinglifeprinciplesaimsexpressedUNCharter,2
discoveriesphysicalmechanismstimulationwithincochlea,1
epicforcetracedthemesdepictedhumandestiniesdrawnhistorycountry,3
researchcarbondioxideassimilationplants,4
pioneeringstudieselectronscatteringatomicnucleitherebyachieveddiscoveriesconcerningstructurenucleons,0
discoveriesconcerningmolecularstructurenucleicacidssignificanceinformationtransferlivingmaterial,1
discoveriesconcerningmolecularstructurenucleicacidssignificanceinformationtransferlivingmaterial,1
discoveriesconcerningmolecularstructurenucleicacidssignificanceinformationtransferlivingmaterial,1
researchnaturechemicalbondapplicationelucidationstructurecomplexsubstances,4
fightnucleararmsraceEastWest,2
studiesstructuresglobularproteins,4
studiesstructuresglobularproteins,4
pioneeringtheoriescondensedmatterespeciallyliquidhelium,0
realisticimaginativewritingscombiningsympathetichumourkeensocialperception,3
discoveriesconcerningionicmechanismsinvolvedexcitationinhibitionperipheralcentralportionsnervecellmembrane,1
discoveriesconcerningionicmechanismsinvolvedexcitationinhibitionperipheralcentralportionsnervecellmembrane,1
discoveriesconcerningionicmechanismsinvolvedexcitationinhibitionperipheralcentralportionsnervecellmembrane,1
discoveriesconcerningnuclearshellstructure,0
contributionstheoryatomicnucleuselementaryparticlesparticularlydiscoveryapplicationfundamentalsymmetryprinciples,0
effortstakecarewoundedsoldiersprisonerswarfamilies,2
greatworkperformedwarbehalfhumanity,2
promotingprinciplesGenevaConventioncooperationUN,2
promotingprinciplesGenevaConventioncooperationUN,2
eminentlyricalwritinginspireddeepfeelingHellenicworldculture,3
discoveriesconcerningnuclearshellstructure,0
discoveriesfieldchemistrytechnologyhighpolymers,4
discoveriesfieldchemistrytechnologyhighpolymers,4
fundamentalworkfieldquantumelectronicsledconstructionoscillatorsamplifiersbasedmaserlaserprinciple,0
workrichideasfilledspiritfreedomquesttruthexertedfarreachinginfluenceage,3
nonviolentstrugglecivilrightsAfroAmericanpopulation,2
fundamentalworkfieldquantumelectronicsledconstructionoscillatorsamplifiersbasedmaserlaserprinciple,0
discoveriesconcerningmechanismregulationcholesterolfattyacidmetabolism,1
fundamentalworkfieldquantumelectronicsledconstructionoscillatorsamplifiersbasedmaserlaserprinciple,0
discoveriesconcerningmechanismregulationcholesterolfattyacidmetabolism,1
determinationsXraytechniquesstructuresimportantbiochemicalsubstances,4
outstandingachievementsartorganicsynthesis,4
discoveriesconcerninggeneticcontrolenzymevirussynthesis,1
discoveriesconcerninggeneticcontrolenzymevirussynthesis,1
discoveriesconcerninggeneticcontrolenzymevirussynthesis,1
effortenhancesolidaritynationsreducedifferencerichpoorstates,2
fundamentalworkquantumelectrodynamicsdeepploughingconsequencesphysicselementaryparticles,0
artisticpowerintegrityepicgivenexpressionhistoricphaselifeRussianpeople,3
fundamentalworkquantumelectrodynamicsdeepploughingconsequencesphysicselementaryparticles,0
fundamentalworkquantumelectrodynamicsdeepploughingconsequencesphysicselementaryparticles,0
discoveriesconcerninghormonaltreatmentprostaticcancer,1
profoundlycharacteristicnarrativeartmotifslifeJewishpeople,3
fundamentalworkconcerningchemicalbondselectronicstructuremoleculesmolecularorbitalmethod,4
discoverytumourinducingviruses,1
outstandinglyricaldramaticwritinginterpretsIsraelsdestinytouchingstrength,3
discoverydevelopmentopticalmethodsstudyingHertzianresonancesatoms,0
discoveriesconcerningprimaryphysiologicalchemicalvisualprocesseseye,1
discoveriesconcerningprimaryphysiologicalchemicalvisualprocesseseye,1
studiesextremelyfastchemicalreactionseffecteddisturbingequilibriummeansshortpulsesenergy,4
vividliteraryachievementdeeprootednationaltraitstraditionsIndianpeoplesLatinAmerica,3
studiesextremelyfastchemicalreactionseffecteddisturbingequilibriummeansshortpulsesenergy,4
studiesextremelyfastchemicalreactionseffecteddisturbingequilibriummeansshortpulsesenergy,4
discoveriesconcerningprimaryphysiologicalchemicalvisualprocesseseye,1
contributionstheorynuclearreactionsespeciallydiscoveriesconcerningenergyproductionstars,0
interpretationgeneticcodefunctionproteinsynthesis,1
interpretationgeneticcodefunctionproteinsynthesis,1
discoveryreciprocalrelationsbearingnamefundamentalthermodynamicsirreversibleprocesses,4
struggleensurerightsmanstipulatedUNDeclaration,2
interpretationgeneticcodefunctionproteinsynthesis,1
decisivecontributionselementaryparticlephysicsparticulardiscoverylargenumberresonancestatesmadepossibledevelopmenttechniqueusinghydrogenbubblechamberdataanalysis,0
narrativemasterygreatsensibilityexpressesessenceJapanesemind,3
contributionsdevelopmentconceptconformationapplicationchemistry,4
writingnewformsnoveldramadestitutionmodernmanacquireselevation,3
developedapplieddynamicmodelsanalysiseconomicprocesses,5
contributionsdiscoveriesconcerningclassificationelementaryparticlesinteractions,0
developedapplieddynamicmodelsanalysiseconomicprocesses,5
creatinginternationallegislationinsuringcertainnormsworkingconditionseverycountry,2
discoveriesconcerningreplicationmechanismgeneticstructureviruses,1
discoveriesconcerningreplicationmechanismgeneticstructureviruses,1
discoveriesconcerningreplicationmechanismgeneticstructureviruses,1
contributionsdevelopmentconceptconformationapplicationchemistry,4
fundamentalworkdiscoveriesmagnetohydrodynamicsfruitfulapplicationsdifferentpartsplasmaphysics,0
fundamentalworkdiscoveriesconcerningantiferromagnetismferrimagnetismledimportantapplicationssolidstatephysics,0
givenwellfoundedhopegreenrevolution,2
discoverysugarnucleotidesrolebiosynthesiscarbohydrates,4
ethicalforcepursuedindispensabletraditionsRussianliterature,3
scientificworkdevelopedstaticdynamiceconomictheoryactivelycontributedraisinglevelanalysiseconomicscience,5
discoveriesconcerninghumoraltransmittersnerveterminalsmechanismstoragereleaseinactivation,1
discoveriesconcerninghumoraltransmittersnerveterminalsmechanismstoragereleaseinactivation,1
discoveriesconcerninghumoraltransmittersnerveterminalsmechanismstoragereleaseinactivation,1
pavingwaymeaningfuldialogueEastWest,2
inventiondevelopmentholographicmethod,0
empiricallyfoundedinterpretationeconomicgrowthlednewdeepenedinsighteconomicsocialstructureprocessdevelopment,5
contributionsknowledgeelectronicstructuregeometrymoleculesparticularlyfreeradicals,4
discoveriesconcerningmechanismsactionhormones,1
poetryactionelementalforcebringsalivecontinentsdestinydreams,3
writingcombinationbroadperspectivetimesensitiveskillcharacterizationcontributedrenewalGermanliterature,3
discoveriesconcerningchemicalstructureantibodies,1
jointlydevelopedtheorysuperconductivityusuallycalledBCStheory,0
contributionunderstandingconnectionchemicalstructurecatalyticactivityactivecentreribonucleasemolecule,4
workribonucleaseespeciallyconcerningconnectionaminoacidsequencebiologicallyactiveconformation,4
contributionunderstandingconnectionchemicalstructurecatalyticactivityactivecentreribonucleasemolecule,4
researchessemiconductorsdiscoverytransistoreffect,0
jointlydevelopedtheorysuperconductivityusuallycalledBCStheory,0
pioneeringcontributionsgeneraleconomicequilibriumtheorywelfaretheory,5
pioneeringcontributionsgeneraleconomicequilibriumtheorywelfaretheory,5
jointlydevelopedtheorysuperconductivityusuallycalledBCStheory,0
discoveriesconcerningchemicalstructureantibodies,1
theoreticalpredictionspropertiessupercurrenttunnelbarrierparticularphenomenagenerallyknownJosephsoneffects,0
pioneeringworkperformedindependentlychemistryorganometalliccalledsandwichcompounds,4
pioneeringworkperformedindependentlychemistryorganometalliccalledsandwichcompounds,4
jointlynegotiatedceasefireVietnam1973,2
developmentinputoutputmethodapplicationimportanteconomicproblems,5
discoveriesconcerningorganizationelicitationindividualsocialbehaviourpatterns,1
experimentaldiscoveriesregardingtunnelingphenomenasemiconductorssuperconductorsrespectively,0
experimentaldiscoveriesregardingtunnelingphenomenasemiconductorssuperconductorsrespectively,0
discoveriesconcerningorganizationelicitationindividualsocialbehaviourpatterns,1
epicpsychologicalnarrativeartintroducednewcontinentliterature,3
jointlynegotiatedceasefireVietnam1973,2
discoveriesconcerningorganizationelicitationindividualsocialbehaviourpatterns,1
fundamentalachievementstheoreticalexperimentalphysicalchemistrymacromolecules,4
narrativeartfarseeinglandsagesservicefreedom,3
pioneeringworktheorymoneyeconomicfluctuationspenetratinganalysisinterdependenceeconomicsocialinstitutionalphenomena,5
writingscatchdewdropreflectcosmos,3
discoveriesconcerningstructuralfunctionalorganizationcell,1
pioneeringresearchradioastrophysicsRyleobservationsinventionsparticularaperturesynthesistechniqueHewishdecisiverolediscoverypulsars,0
pioneeringresearchradioastrophysicsRyleobservationsinventionsparticularaperturesynthesistechniqueHewishdecisiverolediscoverypulsars,0
discoveriesconcerningstructuralfunctionalorganizationcell,1
contributionstabilizeconditionsPacificrimareasigningNuclearNonProliferationTreaty,2
effortssecuredevelophumanrightsthroughoutworld,2
pioneeringworktheorymoneyeconomicfluctuationspenetratinganalysisinterdependenceeconomicsocialinstitutionalphenomena,5
discoveriesconcerningstructuralfunctionalorganizationcell,1
workstereochemistryenzymecatalyzedreactions,4
researchstereochemistryorganicmoleculesreactions,4
discoveriesconcerninginteractiontumourvirusesgeneticmaterialcell,1
discoveryconnectioncollectivemotionparticlemotionatomicnucleidevelopmenttheorystructureatomicnucleusbasedconnection,0
discoveryconnectioncollectivemotionparticlemotionatomicnucleidevelopmenttheorystructureatomicnucleusbasedconnection,0
discoveryconnectioncollectivemotionparticlemotionatomicnucleidevelopmenttheorystructureatomicnucleusbasedconnection,0
contributionstheoryoptimumallocationresources,5
contributionstheoryoptimumallocationresources,5
distinctivepoetrygreatartisticsensitivityinterpretedhumanvaluessignoutlooklifeillusions,3
discoveriesconcerninginteractiontumourvirusesgeneticmaterialcell,1
discoveriesconcerninginteractiontumourvirusesgeneticmaterialcell,1
strugglehumanrightsSovietUniondisarmamentcooperationnations,2
achievementsfieldsconsumptionanalysismonetaryhistorytheorydemonstrationcomplexitystabilizationpolicy,5
studiesstructureboranesilluminatingproblemschemicalbonding,4
courageouseffortsfoundingmovementputendviolentconflictNorthernIreland,2
pioneeringworkdiscoveryheavyelementaryparticlenewkind,0
pioneeringworkdiscoveryheavyelementaryparticlenewkind,0
discoveriesconcerningnewmechanismsorigindisseminationinfectiousdiseases,1
discoveriesconcerningnewmechanismsorigindisseminationinfectiousdiseases,1
courageouseffortsfoundingmovementputendviolentconflictNorthernIreland,2
humanunderstandingsubtleanalysiscontemporaryculturecombinedwork,3
fundamentaltheoreticalinvestigationselectronicstructuremagneticdisorderedsystems,0
pathbreakingcontributiontheoryinternationaltradeinternationalcapitalmovements,5
pathbreakingcontributiontheoryinternationaltradeinternationalcapitalmovements,5
fundamentaltheoreticalinvestigationselectronicstructuremagneticdisorderedsystems,0
fundamentaltheoreticalinvestigationselectronicstructuremagneticdisorderedsystems,0
discoveriesconcerningpeptidehormoneproductionbrain,1
developmentradioimmunoassayspeptidehormones,1
contributionsnonequilibriumthermodynamicsparticularlytheorydissipativestructures,4
discoveriesconcerningpeptidehormoneproductionbrain,1
worldwiderespecthumanrights,2
creativepoeticwritingilluminatesmansconditioncosmospresentdaysocietytimerepresentinggreatrenewaltraditionsSpanishpoetrywars,3
jointlynegotiatedpeaceEgyptIsrael1978,2
jointlynegotiatedpeaceEgyptIsrael1978,2
discoverycosmicmicrowavebackgroundradiation,0
discoveryrestrictionenzymesapplicationproblemsmoleculargenetics,1
discoveryrestrictionenzymesapplicationproblemsmoleculargenetics,1
discoveryrestrictionenzymesapplicationproblemsmoleculargenetics,1
discoverycosmicmicrowavebackgroundradiation,0
impassionednarrativeartrootsPolishJewishculturaltraditionbringsuniversalhumanconditionslife,3
pioneeringresearchdecisionmakingprocesswithineconomicorganizations,5
basicinventionsdiscoveriesarealowtemperaturephysics,0
contributionunderstandingbiologicalenergytransferformulationchemiosmotictheory,4
developmentuseboronphosphoruscontainingcompoundsrespectivelyimportantreagentsorganicsynthesis,4
pioneeringresearcheconomicdevelopmentresearchparticularconsiderationproblemsdevelopingcountries,5
pioneeringresearcheconomicdevelopmentresearchparticularconsiderationproblemsdevelopingcountries,5
workbringinghelpsufferinghumanity,2
developmentuseboronphosphoruscontainingcompoundsrespectivelyimportantreagentsorganicsynthesis,4
contributionstheoryunifiedweakelectromagneticinteractionelementaryparticlesincludinginteraliapredictionweakneutralcurrent,0
contributionstheoryunifiedweakelectromagneticinteractionelementaryparticlesincludinginteraliapredictionweakneutralcurrent,0
developmentcomputerassistedtomography,1
developmentcomputerassistedtomography,1
poetrybackgroundGreektraditiondepictssensuousstrengthintellectualclearsightednessmodernmansstrugglefreedomcreativeness,3
contributionstheoryunifiedweakelectromagneticinteractionelementaryparticlesincludinginteraliapredictionweakneutralcurrent,0
workstructureproteinsespeciallyinsulin,4
contributionsconcerningdeterminationbasesequencesnucleicacids,4
discoveriesconcerninggeneticallydeterminedstructurescellsurfaceregulateimmunologicalreactions,1
discoveriesconcerninggeneticallydeterminedstructurescellsurfaceregulateimmunologicalreactions,1
creationeconometricmodelsapplicationanalysiseconomicfluctuationseconomicpolicies,5
fundamentalstudiesbiochemistrynucleicacidsparticularregardrecombinantDNA,4
sourceinspirationrepressedpeopleespeciallyLatinAmerica,2
contributionsconcerningdeterminationbasesequencesnucleicacids,4
discoveryviolationsfundamentalsymmetryprinciplesdecayneutralKmesons,0
discoveryviolationsfundamentalsymmetryprinciplesdecayneutralKmesons,0
uncompromisingclearsightednessvoicesmansexposedconditionworldsevereconflicts,3
discoveriesconcerninggeneticallydeterminedstructurescellsurfaceregulateimmunologicalreactions,1
analysisfinancialmarketsrelationsexpendituredecisionsemploymentproductionprices,5
writingsmarkedbroadoutlookwealthideasartisticpower,3
discoveriesconcerninginformationprocessingvisualsystem,1
contributiondevelopmentlaserspectroscopy,0
effortshealwoundswarprovidinghelpprotectionrefugeesworld,2
promotingfundamentalrightsrefugees,2
discoveriesconcerningfunctionalspecializationcerebralhemispheres,1
theoriesdevelopedindependentlyconcerningcoursechemicalreactions,4
theoriesdevelopedindependentlyconcerningcoursechemicalreactions,4
discoveriesconcerninginformationprocessingvisualsystem,1
contributiondevelopmentlaserspectroscopy,0
contributiondevelopmenthighresolutionelectronspectroscopy,0
seminalstudiesindustrialstructuresfunctioningmarketscauseseffectspublicregulation,5
workdisarmamentnuclearweaponfreezones,2
novelsshortstoriesfantasticrealisticcombinedrichlycomposedworldimaginationreflectingcontinentslifeconflicts,3
discoveriesconcerningprostaglandinsrelatedbiologicallyactivesubstances,1
developmentcrystallographicelectronmicroscopystructuralelucidationbiologicallyimportantnucleicacidproteincomplexes,4
discoveriesconcerningprostaglandinsrelatedbiologicallyactivesubstances,1
theorycriticalphenomenaconnectionphasetransitions,0
workdisarmamentnuclearweaponfreezones,2
discoveriesconcerningprostaglandinsrelatedbiologicallyactivesubstances,1
nonviolentstrugglefreetradeunionshumanrightsPoland,2
workmechanismselectrontransferreactionsespeciallymetalcomplexes,4
discoverymobilegeneticelements,1
incorporatednewanalyticalmethodseconomictheoryrigorousreformulationtheorygeneralequilibrium,5
novelsperspicuityrealisticnarrativeartdiversityuniversalitymythilluminatehumanconditionworldtoday,3
theoreticalexperimentalstudiesnuclearreactionsimportanceformationchemicalelementsuniverse,0
theoreticalstudiesphysicalprocessesimportancestructureevolutionstars,0
theoriesconcerningspecificitydevelopmentcontrolimmunesystemdiscoveryprincipleproductionmonoclonalantibodies,1
theoriesconcerningspecificitydevelopmentcontrolimmunesystemdiscoveryprincipleproductionmonoclonalantibodies,1
theoriesconcerningspecificitydevelopmentcontrolimmunesystemdiscoveryprincipleproductionmonoclonalantibodies,1
poetryendowedfreshnesssensualityrichinventivenessprovidesliberatingimageindomitablespiritversatilityman,3
roleunifyingleaderfigurenonviolentcampaignresolveproblemapartheidSouthAfrica,2
developmentmethodologychemicalsynthesissolidmatrix,4
decisivecontributionslargeprojectleddiscoveryfieldparticlesWZcommunicatorsweakinteraction,0
decisivecontributionslargeprojectleddiscoveryfieldparticlesWZcommunicatorsweakinteraction,0
madefundamentalcontributionsdevelopmentsystemsnationalaccountshencegreatlyimprovedbasisempiricaleconomicanalysis,5
spreadingauthoritativeinformationcreatingawarenesscatastrophicconsequencesnuclearwar,2
discoveryquantizedHalleffect,0
discoveriesconcerningregulationcholesterolmetabolism,1
discoveriesconcerningregulationcholesterolmetabolism,1
outstandingachievementsdevelopmentdirectmethodsdeterminationcrystalstructures,4
outstandingachievementsdevelopmentdirectmethodsdeterminationcrystalstructures,4
novelcombinespoetspainterscreativenessdeepenedawarenesstimedepictionhumancondition,3
pioneeringanalysessavingfinancialmarkets,5
contributionsconcerningdynamicschemicalelementaryprocesses,4
contributionsconcerningdynamicschemicalelementaryprocesses,4
designscanningtunnelingmicroscope,0
designscanningtunnelingmicroscope,0
fundamentalworkelectronopticsdesignfirstelectronmicroscope,0
contributionsconcerningdynamicschemicalelementaryprocesses,4
discoveriesgrowthfactors,1
discoveriesgrowthfactors,1
messengermankindmessageonepeaceatonementdignity,2
wideculturalperspectivepoeticovertonesfashionsdramaexistence,3
developmentcontractualconstitutionalbasestheoryeconomicpoliticaldecisionmaking,5
developmentusemoleculesstructurespecificinteractionshighselectivity,4
allembracingauthorshipimbuedclaritythoughtpoeticintensity,3
importantbreakthroughdiscoverysuperconductivityceramicmaterials,0
developmentusemoleculesstructurespecificinteractionshighselectivity,4
importantbreakthroughdiscoverysuperconductivityceramicmaterials,0
discoverygeneticprinciplegenerationantibodydiversity,1
contributionstheoryeconomicgrowth,5
worklastingpeaceCentralAmerica,2
developmentusemoleculesstructurespecificinteractionshighselectivity,4
preventingarmedclashescreatingconditionsnegotiations,2
neutrinobeammethoddemonstrationdoubletstructureleptonsdiscoverymuonneutrino,0
neutrinobeammethoddemonstrationdoubletstructureleptonsdiscoverymuonneutrino,0
neutrinobeammethoddemonstrationdoubletstructureleptonsdiscoverymuonneutrino,0
discoveriesimportantprinciplesdrugtreatment,1
determinationthreedimensionalstructurephotosyntheticreactioncentre,4
determinationthreedimensionalstructurephotosyntheticreactioncentre,4
determinationthreedimensionalstructurephotosyntheticreactioncentre,4
worksrichnuanceclearsightedlyrealisticevocativelyambiguousformedArabiannarrativeartappliesmankind,3
discoveriesimportantprinciplesdrugtreatment,1
discoveriesimportantprinciplesdrugtreatment,1
pioneeringcontributionstheorymarketsefficientutilizationresources,5
discoverycatalyticpropertiesRNA,4
discoverycatalyticpropertiesRNA,4
developmentiontraptechnique,0
inventionseparatedoscillatoryfieldsmethodusehydrogenmaseratomicclocks,0
discoverycellularoriginretroviraloncogenes,1
developmentiontraptechnique,0
clarificationprobabilitytheoryfoundationseconometricsanalysessimultaneouseconomicstructures,5
richintensiveproserestrainedcompassionformschallengingvisionmansvulnerability,3
advocatingpeacefulsolutionsbasedupontolerancemutualrespectorderpreservehistoricalculturalheritagepeople,2
discoverycellularoriginretroviraloncogenes,1
impassionedwritingwidehorizonscharacterizedsensuousintelligencehumanisticintegrity,3
pioneeringinvestigationsconcerningdeepinelasticscatteringelectronsprotonsboundneutronsessentialimportancedevelopmentquarkmodelparticlephysics,0
pioneeringinvestigationsconcerningdeepinelasticscatteringelectronsprotonsboundneutronsessentialimportancedevelopmentquarkmodelparticlephysics,0
pioneeringinvestigationsconcerningdeepinelasticscatteringelectronsprotonsboundneutronsessentialimportancedevelopmentquarkmodelparticlephysics,0
pioneeringworktheoryfinancialeconomics,5
pioneeringworktheoryfinancialeconomics,5
discoveriesconcerningorgancelltransplantationtreatmenthumandisease,1
leadingroleplayedradicalchangesEastWestrelations,2
discoveriesconcerningorgancelltransplantationtreatmenthumandisease,1
pioneeringworktheoryfinancialeconomics,5
developmenttheorymethodologyorganicsynthesis,4
discoveryclarificationsignificancetransactioncostspropertyrightsinstitutionalstructurefunctioningeconomy,5
magnificentepicwritingwordsAlfredNobelgreatbenefithumanity,3
discoveriesconcerningfunctionsingleionchannelscells,1
discoveringmethodsdevelopedstudyingorderphenomenasimplesystemsgeneralizedcomplexformsmatterparticularliquidcrystalspolymers,0
nonviolentstruggledemocracyhumanrights,2
discoveriesconcerningfunctionsingleionchannelscells,1
contributionsdevelopmentmethodologyhighresolutionnuclearmagneticresonanceNMRspectroscopy,4
poeticoeuvregreatluminositysustainedhistoricalvisionoutcomemulticulturalcommitment,3
discoveriesconcerningreversibleproteinphosphorylationbiologicalregulatorymechanism,1
contributionstheoryelectrontransferreactionschemicalsystems,4
extendeddomainmicroeconomicanalysiswiderangehumanbehaviourinteractionincludingnonmarketbehaviour,5
strugglesocialjusticeethnoculturalreconciliationbasedrespectrightsindigenouspeoples,2
inventiondevelopmentparticledetectorsparticularmultiwireproportionalchamber,0
discoveriesconcerningreversibleproteinphosphorylationbiologicalregulatorymechanism,1
discoverynewtypepulsardiscoveryopenednewpossibilitiesstudygravitation,0
discoverynewtypepulsardiscoveryopenednewpossibilitiesstudygravitation,0
novelscharacterizedvisionaryforcepoeticimportgiveslifeessentialaspectAmericanreality,3
renewedresearcheconomichistoryapplyingeconomictheoryquantitativemethodsorderexplaineconomicinstitutionalchange,5
fundamentalcontributionsestablishmentoligonucleotidebasedsitedirectedmutagenesisdevelopmentproteinstudies,4
discoveriessplitgenes,1
discoveriessplitgenes,1
inventionpolymerasechainreactionPCRmethod,4
workpeacefulterminationapartheidregimelayingfoundationsnewdemocraticSouthAfrica,2
renewedresearcheconomichistoryapplyingeconomictheoryquantitativemethodsorderexplaineconomicinstitutionalchange,5
workpeacefulterminationapartheidregimelayingfoundationsnewdemocraticSouthAfrica,2
discoveryGproteinsroleproteinssignaltransductioncells,1
discoveryGproteinsroleproteinssignaltransductioncells,1
contributioncarbocationchemistry,4
developmentneutronspectroscopy,0
developmentneutrondiffractiontechnique,0
poeticforcecreatesimaginedworldlifemythcondenseformdisconcertingpicturehumanpredicamenttoday,3
effortscreatepeaceMiddleEast,2
effortscreatepeaceMiddleEast,2
effortscreatepeaceMiddleEast,2
pioneeringanalysisequilibriatheorynoncooperativegames,5
pioneeringanalysisequilibriatheorynoncooperativegames,5
pioneeringanalysisequilibriatheorynoncooperativegames,5
detectionneutrino,0
discoveriesconcerninggeneticcontrolearlyembryonicdevelopment,1
workatmosphericchemistryparticularlyconcerningformationdecompositionozone,4
workatmosphericchemistryparticularlyconcerningformationdecompositionozone,4
developedappliedhypothesisrationalexpectationstherebytransformedmacroeconomicanalysisdeepenedunderstandingeconomicpolicy,5
workslyricalbeautyethicaldepthexalteverydaymiracleslivingpast,3
workatmosphericchemistryparticularlyconcerningformationdecompositionozone,4
discoveriesconcerninggeneticcontrolearlyembryonicdevelopment,1
effortsdiminishpartplayednucleararmsinternationalpoliticslongerruneliminatearms,2
effortsdiminishpartplayednucleararmsinternationalpoliticslongerruneliminatearms,2
discoverytaulepton,0
discoveriesconcerninggeneticcontrolearlyembryonicdevelopment,1
discoverysuperfluidityhelium3,0
discoverysuperfluidityhelium3,0
discoverysuperfluidityhelium3,0
discoveriesconcerningspecificitycellmediatedimmunedefence,1
discoveriesconcerningspecificitycellmediatedimmunedefence,1
discoveryfullerenes,4
poetryironicprecisionallowshistoricalbiologicalcontextcomelightfragmentshumanreality,3
worktowardspeacefulsolutionconflictEastTimor,2
worktowardspeacefulsolutionconflictEastTimor,2
discoveryfullerenes,4
fundamentalcontributionseconomictheoryincentivesasymmetricinformation,5
discoveryfullerenes,4
fundamentalcontributionseconomictheoryincentivesasymmetricinformation,5
emulatesjestersMiddleAgesscourgingauthorityupholdingdignitydowntrodden,3
elucidationenzymaticmechanismunderlyingsynthesisadenosinetriphosphateATP,4
firstdiscoveryiontransportingenzymeNaKATPase,4
newmethoddeterminevaluederivatives,5
discoveryPrionsnewbiologicalprincipleinfection,1
developmentmethodscooltrapatomslaserlight,0
newmethoddeterminevaluederivatives,5
developmentmethodscooltrapatomslaserlight,0
developmentmethodscooltrapatomslaserlight,0
workbanningclearingantipersonnelmines,2
workbanningclearingantipersonnelmines,2
elucidationenzymaticmechanismunderlyingsynthesisadenosinetriphosphateATP,4
contributionswelfareeconomics,5
discoverynewformquantumfluidfractionallychargedexcitations,0
parablessustainedimaginationcompassionironycontinuallyenablesusapprehendelusoryreality,3
discoverynewformquantumfluidfractionallychargedexcitations,0
developmentdensityfunctionaltheory,4
discoveriesconcerningnitricoxidesignallingmoleculecardiovascularsystem,1
discoveriesconcerningnitricoxidesignallingmoleculecardiovascularsystem,1
discoveriesconcerningnitricoxidesignallingmoleculecardiovascularsystem,1
developmentcomputationalmethodsquantumchemistry,4
effortsfindpeacefulsolutionconflictNorthernIreland,2
effortsfindpeacefulsolutionconflictNorthernIreland,2
discoverynewformquantumfluidfractionallychargedexcitations,0
whosefrolicsomeblackfablesportrayforgottenfacehistory,3
studiestransitionstateschemicalreactionsusingfemtosecondspectroscopy,4
recognitionorganisationspioneeringhumanitarianworkseveralcontinents,2
elucidatingquantumstructureelectroweakinteractionsphysics,0
elucidatingquantumstructureelectroweakinteractionsphysics,0
analysismonetaryfiscalpolicydifferentexchangerateregimesanalysisoptimumcurrencyareas,5
discoveryproteinsintrinsicsignalsgoverntransportlocalizationcell,1
discoverydevelopmentconductivepolymers,4
œuvreuniversalvaliditybitterinsightslinguisticingenuityopenednewpathsChinesenoveldrama,3
developmenttheorymethodsanalyzingdiscretechoice,5
developmenttheorymethodsanalyzingselectivesamples,5
discoverydevelopmentconductivepolymers,4
discoverydevelopmentconductivepolymers,4
discoveriesconcerningsignaltransductionnervoussystem,1
developingsemiconductorheterostructuresusedhighspeedoptoelectronics,0
developingsemiconductorheterostructuresusedhighspeedoptoelectronics,0
workdemocracyhumanrightsSouthKoreaEastAsiageneralpeacereconciliationNorthKoreaparticular,2
discoveriesconcerningsignaltransductionnervoussystem,1
discoveriesconcerningsignaltransductionnervoussystem,1
partinventionintegratedcircuit,0
analysesmarketsasymmetricinformation,5
workbetterorganizedpeacefulworld,2
workbetterorganizedpeacefulworld,2
unitedperceptivenarrativeincorruptiblescrutinyworkscompelusseepresencesuppressedhistories,3
analysesmarketsasymmetricinformation,5
analysesmarketsasymmetricinformation,5
workchirallycatalysedoxidationreactions,4
developmentclickchemistrybioorthogonalchemistry,4
workchirallycatalysedhydrogenationreactions,4
workchirallycatalysedhydrogenationreactions,4
achievementBoseEinsteincondensationdilutegasesalkaliatomsearlyfundamentalstudiespropertiescondensates,0
achievementBoseEinsteincondensationdilutegasesalkaliatomsearlyfundamentalstudiespropertiescondensates,0
achievementBoseEinsteincondensationdilutegasesalkaliatomsearlyfundamentalstudiespropertiescondensates,0
discoverieskeyregulatorscellcycle,1
discoverieskeyregulatorscellcycle,1
discoverieskeyregulatorscellcycle,1
decadesuntiringeffortfindpeacefulsolutionsinternationalconflictsadvancedemocracyhumanrightspromoteeconomicsocialdevelopment,2
writingupholdsfragileexperienceindividualbarbaricarbitrarinesshistory,3
integratedinsightspsychologicalresearcheconomicscienceespeciallyconcerninghumanjudgmentdecisionmakinguncertainty,5
developmentnuclearmagneticresonancespectroscopydeterminingthreedimensionalstructurebiologicalmacromoleculessolution,4
developmentsoftdesorptionionisationmethodsmassspectrometricanalysesbiologicalmacromolecules,4
developmentsoftdesorptionionisationmethodsmassspectrometricanalysesbiologicalmacromolecules,4
establishedlaboratoryexperimentstoolempiricaleconomicanalysisespeciallystudyalternativemarketmechanisms,5
pioneeringcontributionsastrophysicsparticulardetectioncosmicneutrinos,0
pioneeringcontributionsastrophysicsparticulardetectioncosmicneutrinos,0
discoveriesconcerninggeneticregulationorgandevelopmentprogrammedcelldeath,1
discoveriesconcerninggeneticregulationorgandevelopmentprogrammedcelldeath,1
discoveriesconcerninggeneticregulationorgandevelopmentprogrammedcelldeath,1
pioneeringcontributionsastrophysicsleddiscoverycosmicXraysources,0
effortsdemocracyhumanrightsfocusedespeciallystrugglerightswomenchildren,2
methodsanalyzingeconomictimeseriescommontrendscointegration,5
methodsanalyzingeconomictimeseriestimevaryingvolatilityARCH,5
structuralmechanisticstudiesionchannels,4
discoverywaterchannels,4
pioneeringcontributionstheorysuperconductorssuperfluids,0
pioneeringcontributionstheorysuperconductorssuperfluids,0
discoveriesconcerningmagneticresonanceimaging,1
discoveriesconcerningmagneticresonanceimaging,1
innumerableguisesportrayssurprisinginvolvementoutsider,3
pioneeringcontributionstheorysuperconductorssuperfluids,0
contributionsdynamicmacroeconomicstimeconsistencyeconomicpolicydrivingforcesbehindbusinesscycles,5
discoveryubiquitinmediatedproteindegradation,4
contributionsdynamicmacroeconomicstimeconsistencyeconomicpolicydrivingforcesbehindbusinesscycles,5
contributionsustainabledevelopmentdemocracypeace,2
musicalflowvoicescountervoicesnovelsplaysextraordinarylinguisticzealrevealabsurditysocietysclicheacutessubjugatingpower,3
discoveryubiquitinmediatedproteindegradation,4
discoveryasymptoticfreedomtheorystronginteraction,0
discoveryasymptoticfreedomtheorystronginteraction,0
discoveryasymptoticfreedomtheorystronginteraction,0
discoveriesodorantreceptorsorganizationolfactorysystem,1
discoveriesodorantreceptorsorganizationolfactorysystem,1
discoveryubiquitinmediatedproteindegradation,4
playsuncoversprecipiceeverydayprattleforcesentryoppressionsclosedrooms,3
enhancedunderstandingconflictcooperationgametheoryanalysis,5
effortspreventnuclearenergyusedmilitarypurposesensurenuclearenergypeacefulpurposesusedsafestpossibleway,2
effortspreventnuclearenergyusedmilitarypurposesensurenuclearenergypeacefulpurposesusedsafestpossibleway,2
developmentmetathesismethodorganicsynthesis,4
developmentmetathesismethodorganicsynthesis,4
enhancedunderstandingconflictcooperationgametheoryanalysis,5
contributionsdevelopmentlaserbasedprecisionspectroscopyincludingopticalfrequencycombtechnique,0
contributionsdevelopmentlaserbasedprecisionspectroscopyincludingopticalfrequencycombtechnique,0
contributionquantumtheoryopticalcoherence,0
discoverybacteriumiHelicobacterpyloriirolegastritispepticulcerdisease,1
discoverybacteriumiHelicobacterpyloriirolegastritispepticulcerdisease,1
developmentmetathesismethodorganicsynthesis,4
effortscreateeconomicsocialdevelopment,2
effortscreateeconomicsocialdevelopment,2
questmelancholicsoulnativecitydiscoverednewsymbolsclashinterlacingcultures,3
analysisintertemporaltradeoffsmacroeconomicpolicy,5
studiesmolecularbasiseukaryotictranscription,4
discoveryblackbodyformanisotropycosmicmicrowavebackgroundradiation,0
discoveryRNAinterferencegenesilencingdoublestrandedRNA,1
discoveryRNAinterferencegenesilencingdoublestrandedRNA,1
discoveryblackbodyformanisotropycosmicmicrowavebackgroundradiation,0
laidfoundationsmechanismdesigntheory,5
laidfoundationsmechanismdesigntheory,5
laidfoundationsmechanismdesigntheory,5
effortsbuilddisseminategreaterknowledgemanmadeclimatechangelayfoundationsmeasuresneededcounteractchange,2
effortsbuilddisseminategreaterknowledgemanmadeclimatechangelayfoundationsmeasuresneededcounteractchange,2
studieschemicalprocessessolidsurfaces,4
epicistfemaleexperiencescepticismfirevisionarypowersubjecteddividedcivilisationscrutiny,3
discoveryGiantMagnetoresistance,0
discoveriesprinciplesintroducingspecificgenemodificationsmiceuseembryonicstemcells,1
discoveriesprinciplesintroducingspecificgenemodificationsmiceuseembryonicstemcells,1
discoveriesprinciplesintroducingspecificgenemodificationsmiceuseembryonicstemcells,1
discoveryGiantMagnetoresistance,0
importanteffortsseveralcontinentsthreedecadesresolveinternationalconflicts,2
authornewdeparturespoeticadventuresensualecstasyexplorerhumanitybeyondreigningcivilization,3
discoverydevelopmentgreenfluorescentproteinGFP,4
discoverydevelopmentgreenfluorescentproteinGFP,4
discoverydevelopmentgreenfluorescentproteinGFP,4
discoveryoriginbrokensymmetrypredictsexistenceleastthreefamiliesquarksnature,0
analysistradepatternslocationeconomicactivity,5
discoverymechanismspontaneousbrokensymmetrysubatomicphysics,0
discoveryhumanimmunodeficiencyvirus,1
discoveryhumanimmunodeficiencyvirus,1
discoveryhumanpapillomavirusescausingcervicalcancer,1
discoveryoriginbrokensymmetrypredictsexistenceleastthreefamiliesquarksnature,0
analysiseconomicgovernanceespeciallyboundariesfirm,5
analysiseconomicgovernanceespeciallycommons,5
extraordinaryeffortsstrengtheninternationaldiplomacycooperationpeoples,2
concentrationpoetryfranknessprosedepictslandscapedispossessed,3
studiesstructurefunctionribosome,4
studiesstructurefunctionribosome,4
studiesstructurefunctionribosome,4
inventionimagingsemiconductorcircuitCCDsensor,0
groundbreakingachievementsconcerningtransmissionlightfibersopticalcommunication,0
discoverychromosomesprotectedtelomeresenzymetelomerase,1
discoverychromosomesprotectedtelomeresenzymetelomerase,1
discoverychromosomesprotectedtelomeresenzymetelomerase,1
inventionimagingsemiconductorcircuitCCDsensor,0
analysismarketssearchfrictions,5
cartographystructurespowertrenchantimagesindividualsresistancerevoltdefeat,3
analysismarketssearchfrictions,5
longnonviolentstrugglefundamentalhumanrightsChina,2
palladiumcatalyzedcrosscouplingsorganicsynthesis,4
analysismarketssearchfrictions,5
palladiumcatalyzedcrosscouplingsorganicsynthesis,4
groundbreakingexperimentsregardingtwodimensionalmaterialgraphene,0
groundbreakingexperimentsregardingtwodimensionalmaterialgraphene,0
developmentvitrofertilization,1
palladiumcatalyzedcrosscouplingsorganicsynthesis,4
empiricalresearchcauseeffectmacroeconomy,5
nonviolentstrugglesafetywomenwomensrightsfullparticipationpeacebuildingwork,2
nonviolentstrugglesafetywomenwomensrightsfullparticipationpeacebuildingwork,2
nonviolentstrugglesafetywomenwomensrightsfullparticipationpeacebuildingwork,2
condensedtranslucentimagesgivesusfreshaccessreality,3
discoveryquasicrystals,4
empiricalresearchcauseeffectmacroeconomy,5
discoveryacceleratingexpansionUniverseobservationsdistantsupernovae,0
discoveryacceleratingexpansionUniverseobservationsdistantsupernovae,0
discoverydendriticcellroleadaptiveimmunity,1
discoveriesconcerningactivationinnateimmunity,1
discoveriesconcerningactivationinnateimmunity,1
discoveryacceleratingexpansionUniverseobservationsdistantsupernovae,0
theorystableallocationspracticemarketdesign,5
theorystableallocationspracticemarketdesign,5
sixdecadescontributedadvancementpeacereconciliationdemocracyhumanrightsEurope,2
hallucinatoryrealismmergesfolktaleshistorycontemporary,3
studiesGproteincoupledreceptors,4
studiesGproteincoupledreceptors,4
groundbreakingexperimentalmethodsenablemeasuringmanipulationindividualquantumsystems,0
discoverymaturecellsreprogrammedbecomepluripotent,1
discoverymaturecellsreprogrammedbecomepluripotent,1
groundbreakingexperimentalmethodsenablemeasuringmanipulationindividualquantumsystems,0
empiricalanalysisassetprices,5
developmentmultiscalemodelscomplexchemicalsystems,4
empiricalanalysisassetprices,5
empiricalanalysisassetprices,5
extensiveeffortseliminatechemicalweapons,2
mastercontemporaryshortstory,3
developmentmultiscalemodelscomplexchemicalsystems,4
developmentmultiscalemodelscomplexchemicalsystems,4
theoreticaldiscoverymechanismcontributesunderstandingoriginmasssubatomicparticlesrecentlyconfirmeddiscoverypredictedfundamentalparticleATLASCMSexperimentsCERNsLargeHadronCollider,0
theoreticaldiscoverymechanismcontributesunderstandingoriginmasssubatomicparticlesrecentlyconfirmeddiscoverypredictedfundamentalparticleATLASCMSexperimentsCERNsLargeHadronCollider,0
discoveriesmachineryregulatingvesicletrafficmajortransportsystemcells,1
discoveriesmachineryregulatingvesicletrafficmajortransportsystemcells,1
discoveriesmachineryregulatingvesicletrafficmajortransportsystemcells,1
analysismarketpowerregulation,5
strugglesuppressionchildrenyoungpeoplerightchildreneducation,2
artmemoryevokedungraspablehumandestiniesuncoveredlifeworldoccupation,3
developmentsuperresolvedfluorescencemicroscopy,4
developmentsuperresolvedfluorescencemicroscopy,4
developmentsuperresolvedfluorescencemicroscopy,4
strugglesuppressionchildrenyoungpeoplerightchildreneducation,2
inventionefficientbluelightemittingdiodesenabledbrightenergysavingwhitelightsources,0
inventionefficientbluelightemittingdiodesenabledbrightenergysavingwhitelightsources,0
discoveriescellsconstitutepositioningsystembrain,1
discoveriescellsconstitutepositioningsystembrain,1
discoveriescellsconstitutepositioningsystembrain,1
inventionefficientbluelightemittingdiodesenabledbrightenergysavingwhitelightsources,0
analysisconsumptionpovertywelfare,5
decisivecontributionbuildingpluralisticdemocracyTunisiawakeJasmineRevolution2011,2
polyphonicwritingsmonumentsufferingcouragetime,3
mechanisticstudiesDNArepair,4
mechanisticstudiesDNArepair,4
mechanisticstudiesDNArepair,4
discoveryneutrinooscillationsshowsneutrinosmass,0
discoveriesconcerningnoveltherapyMalaria,1
discoveriesconcerningnoveltherapyinfectionscausedroundwormparasites,1
discoveriesconcerningnoveltherapyinfectionscausedroundwormparasites,1
discoveryneutrinooscillationsshowsneutrinosmass,0
contributionscontracttheory,5
designsynthesismolecularmachines,4
contributionscontracttheory,5
resoluteeffortsbringcountrys50yearlongcivilwarend,2
designsynthesismolecularmachines,4
creatednewpoeticexpressionswithingreatAmericansongtradition,3
theoreticaldiscoveriestopologicalphasetransitionstopologicalphasesmatter,0
theoreticaldiscoveriestopologicalphasetransitionstopologicalphasesmatter,0
theoreticaldiscoveriestopologicalphasetransitionstopologicalphasesmatter,0
discoveriesmechanismsautophagy,1
designsynthesismolecularmachines,4
workdrawattentioncatastrophichumanitarianconsequencesusenuclearweaponsgroundbreakingeffortsachievetreatybasedprohibitionweapons,2
novelsgreatemotionalforceuncoveredabyssbeneathillusorysenseconnectionworld,3
developingcryoelectronmicroscopyhighresolutionstructuredeterminationbiomoleculessolution,4
developingcryoelectronmicroscopyhighresolutionstructuredeterminationbiomoleculessolution,4
developingcryoelectronmicroscopyhighresolutionstructuredeterminationbiomoleculessolution,4
decisivecontributionsLIGOdetectorobservationgravitationalwaves,0
contributionsbehaviouraleconomics,5
decisivecontributionsLIGOdetectorobservationgravitationalwaves,0
discoveriesmolecularmechanismscontrollingcircadianrhythm,1
discoveriesmolecularmechanismscontrollingcircadianrhythm,1
discoveriesmolecularmechanismscontrollingcircadianrhythm,1
decisivecontributionsLIGOdetectorobservationgravitationalwaves,0
narrativeimaginationencyclopedicpassionrepresentscrossingboundariesformlife,3
integratingtechnologicalinnovationslongrunmacroeconomicanalysis,5
integratingclimatechangelongrunmacroeconomicanalysis,5
effortsendusesexualviolenceweaponwararmedconflict,2
effortsendusesexualviolenceweaponwararmedconflict,2
phagedisplaypeptidesantibodies,4
phagedisplaypeptidesantibodies,4
directedevolutionenzymes,4
methodgeneratinghighintensityultrashortopticalpulses,0
opticaltweezersapplicationbiologicalsystems,0
discoverycancertherapyinhibitionnegativeimmuneregulation,1
discoverycancertherapyinhibitionnegativeimmuneregulation,1
methodgeneratinghighintensityultrashortopticalpulses,0
developmentlithiumionbatteries,4
experimentalapproachalleviatingglobalpoverty,5
experimentalapproachalleviatingglobalpoverty,5
influentialworklinguisticingenuityexploredperipheryspecificityhumanexperience,3
experimentalapproachalleviatingglobalpoverty,5
developmentlithiumionbatteries,4
effortsachievepeaceinternationalcooperationparticulardecisiveinitiativeresolveborderconflictneighbouringEritrea,2
discoveryexoplanetorbitingsolartypestar,0
discoveryexoplanetorbitingsolartypestar,0
theoreticaldiscoveriesphysicalcosmology,0
discoveriescellssenseadaptoxygenavailability,1
discoveriescellssenseadaptoxygenavailability,1
discoveriescellssenseadaptoxygenavailability,1
developmentlithiumionbatteries,4
improvementsauctiontheoryinventionsnewauctionformats,5
improvementsauctiontheoryinventionsnewauctionformats,5
effortscombathungercontributionbetteringconditionspeaceconflictaffectedareasactingdrivingforceeffortspreventusehungerweaponwarconflict,2
unmistakablepoeticvoiceausterebeautymakesindividualexistenceuniversal,3
developmentmethodgenomeediting,4
developmentmethodgenomeediting,4
discoverysupermassivecompactobjectcentregalaxy,0
discoveryblackholeformationrobustpredictiongeneraltheoryrelativity,0
discoveryHepatitisCvirus,1
discoveryHepatitisCvirus,1
discoveryHepatitisCvirus,1
discoverysupermassivecompactobjectcentregalaxy,0
uncompromisingcompassionatepenetrationeffectscolonialismfaterefugeegulfculturescontinents,3
methodologicalcontributionsanalysiscausalrelationships,5
empiricalcontributionslaboureconomics,5
effortssafeguardfreedomexpressionpreconditiondemocracylastingpeace,2
methodologicalcontributionsanalysiscausalrelationships,5
effortssafeguardfreedomexpressionpreconditiondemocracylastingpeace,2
developmentasymmetricorganocatalysis,4
physicalmodellingEarth’sclimatequantifyingvariabilityreliablypredictingglobalwarming,0
discoveryinterplaydisorderfluctuationsphysicalsystemsatomicplanetaryscales,0
physicalmodellingEarth’sclimatequantifyingvariabilityreliablypredictingglobalwarming,0
discoveriesreceptorstemperaturetouch,1
discoveriesreceptorstemperaturetouch,1
developmentasymmetricorganocatalysis,4
researchbanksfinancialcrises,5
PeacePrizelaureatesrepresentcivilsocietyhomecountriesmanyyearspromotedrightcriticisepowerprotectfundamentalrightscitizensmadeoutstandingeffortdocumentwarcrimeshumanrightabusesabusepowerTogetherdemonstratesignificancecivilsocietypeacedemocracy,2
PeacePrizelaureatesrepresentcivilsocietyhomecountriesmanyyearspromotedrightcriticisepowerprotectfundamentalrightscitizensmadeoutstandingeffortdocumentwarcrimeshumanrightabusesabusepowerTogetherdemonstratesignificancecivilsocietypeacedemocracy,2
PeacePrizelaureatesrepresentcivilsocietyhomecountriesmanyyearspromotedrightcriticisepowerprotectfundamentalrightscitizensmadeoutstandingeffortdocumentwarcrimeshumanrightabusesabusepowerTogetherdemonstratesignificancecivilsocietypeacedemocracy,2
courageclinicalacuityuncoversrootsestrangementscollectiverestraintspersonalmemory,3
developmentclickchemistrybioorthogonalchemistry,4
experimentsentangledphotonsestablishingviolationBellinequalitiespioneeringquantuminformationscience,0
experimentsentangledphotonsestablishingviolationBellinequalitiespioneeringquantuminformationscience,0
experimentsentangledphotonsestablishingviolationBellinequalitiespioneeringquantuminformationscience,0
discoveriesconcerninggenomesextincthomininshumanevolution,1
workchirallycatalysedoxidationreactions,4
developmentclickchemistrybioorthogonalchemistry,4
researchbanksfinancialcrises,5
developmentclickchemistrybioorthogonalchemistry,4
researchbanksfinancialcrises,5
